location,month,severity,cases
Andhra Pradesh,2025-01-01,1,358
Andhra Pradesh,2025-01-01,2,1109
Andhra Pradesh,2025-01-01,3,1868
Andhra Pradesh,2025-01-01,4,433
Andhra Pradesh,2025-01-01,5,210
Andhra Pradesh,2025-01-01,6,433
Andhra Pradesh,2025-01-01,7,1828
Andhra Pradesh,2025-01-01,8,461
Andhra Pradesh,2025-01-01,9,989
Andhra Pradesh,2025-01-01,10,927
Andhra Pradesh,2025-02-01,1,1672
Andhra Pradesh,2025-02-01,2,999
Andhra Pradesh,2025-02-01,3,1121
Andhra Pradesh,2025-02-01,4,101
Andhra Pradesh,2025-02-01,5,1790
Andhra Pradesh,2025-02-01,6,1202
Andhra Pradesh,2025-02-01,7,952
Andhra Pradesh,2025-02-01,8,1207
Andhra Pradesh,2025-02-01,9,896
Andhra Pradesh,2025-02-01,10,351
Andhra Pradesh,2025-03-01,1,1274
Andhra Pradesh,2025-03-01,2,1363
Andhra Pradesh,2025-03-01,3,651
Andhra Pradesh,2025-03-01,4,1083
Andhra Pradesh,2025-03-01,5,117
Andhra Pradesh,2025-03-01,6,1139
Andhra Pradesh,2025-03-01,7,1372
Andhra Pradesh,2025-03-01,8,568
Andhra Pradesh,2025-03-01,9,1640
Andhra Pradesh,2025-03-01,10,1392
Andhra Pradesh,2025-04-01,1,232
Andhra Pradesh,2025-04-01,2,569
Andhra Pradesh,2025-04-01,3,722
Andhra Pradesh,2025-04-01,4,1426
Andhra Pradesh,2025-04-01,5,1034
Andhra Pradesh,2025-04-01,6,1734
Andhra Pradesh,2025-04-01,7,1343
Andhra Pradesh,2025-04-01,8,772
Andhra Pradesh,2025-04-01,9,1160
Andhra Pradesh,2025-04-01,10,1217
Andhra Pradesh,2025-05-01,1,117
Andhra Pradesh,2025-05-01,2,967
Andhra Pradesh,2025-05-01,3,21
Andhra Pradesh,2025-05-01,4,844
Andhra Pradesh,2025-05-01,5,733
Andhra Pradesh,2025-05-01,6,1492
Andhra Pradesh,2025-05-01,7,476
Andhra Pradesh,2025-05-01,8,1321
Andhra Pradesh,2025-05-01,9,772
Andhra Pradesh,2025-05-01,10,1630
Andhra Pradesh,2025-06-01,1,2535
Andhra Pradesh,2025-06-01,2,1124
Andhra Pradesh,2025-06-01,3,1623
Andhra Pradesh,2025-06-01,4,524
Andhra Pradesh,2025-06-01,5,470
Andhra Pradesh,2025-06-01,6,659
Andhra Pradesh,2025-06-01,7,943
Andhra Pradesh,2025-06-01,8,1511
Andhra Pradesh,2025-06-01,9,716
Andhra Pradesh,2025-06-01,10,960
Andhra Pradesh,2025-07-01,1,393
Andhra Pradesh,2025-07-01,2,1020
Andhra Pradesh,2025-07-01,3,260
Andhra Pradesh,2025-07-01,4,311
Andhra Pradesh,2025-07-01,5,748
Andhra Pradesh,2025-07-01,6,1234
Andhra Pradesh,2025-07-01,7,470
Andhra Pradesh,2025-07-01,8,503
Andhra Pradesh,2025-07-01,9,1448
Andhra Pradesh,2025-07-01,10,1882
Andhra Pradesh,2025-08-01,1,1643
Andhra Pradesh,2025-08-01,2,820
Andhra Pradesh,2025-08-01,3,2296
Andhra Pradesh,2025-08-01,4,655
Andhra Pradesh,2025-08-01,5,777
Andhra Pradesh,2025-08-01,6,976
Andhra Pradesh,2025-08-01,7,2229
Andhra Pradesh,2025-08-01,8,1022
Andhra Pradesh,2025-08-01,9,2048
Andhra Pradesh,2025-08-01,10,2043
Andhra Pradesh,2025-09-01,1,1200
Andhra Pradesh,2025-09-01,2,1573
Andhra Pradesh,2025-09-01,3,2150
Andhra Pradesh,2025-09-01,4,1850
Andhra Pradesh,2025-09-01,5,1001
Andhra Pradesh,2025-09-01,6,732
Andhra Pradesh,2025-09-01,7,668
Andhra Pradesh,2025-09-01,8,740
Andhra Pradesh,2025-09-01,9,1376
Andhra Pradesh,2025-09-01,10,558
Andhra Pradesh,2025-10-01,1,1717
Andhra Pradesh,2025-10-01,2,1735
Andhra Pradesh,2025-10-01,3,757
Andhra Pradesh,2025-10-01,4,1645
Andhra Pradesh,2025-10-01,5,1099
Andhra Pradesh,2025-10-01,6,1007
Andhra Pradesh,2025-10-01,7,1663
Andhra Pradesh,2025-10-01,8,1915
Andhra Pradesh,2025-10-01,9,969
Andhra Pradesh,2025-10-01,10,1098
Andhra Pradesh,2025-11-01,1,1556
Andhra Pradesh,2025-11-01,2,352
Andhra Pradesh,2025-11-01,3,340
Andhra Pradesh,2025-11-01,4,1265
Andhra Pradesh,2025-11-01,5,1119
Andhra Pradesh,2025-11-01,6,1254
Andhra Pradesh,2025-11-01,7,1249
Andhra Pradesh,2025-11-01,8,811
Andhra Pradesh,2025-11-01,9,1138
Andhra Pradesh,2025-11-01,10,1030
Andhra Pradesh,2025-12-01,1,2053
Andhra Pradesh,2025-12-01,2,683
Andhra Pradesh,2025-12-01,3,1456
Andhra Pradesh,2025-12-01,4,495
Andhra Pradesh,2025-12-01,5,960
Andhra Pradesh,2025-12-01,6,762
Andhra Pradesh,2025-12-01,7,666
Andhra Pradesh,2025-12-01,8,135
Andhra Pradesh,2025-12-01,9,569
Andhra Pradesh,2025-12-01,10,2038
Gujarat,2025-01-01,1,691
Gujarat,2025-01-01,2,607
Gujarat,2025-01-01,3,1545
Gujarat,2025-01-01,4,1955
Gujarat,2025-01-01,5,1180
Gujarat,2025-01-01,6,1797
Gujarat,2025-01-01,7,2343
Gujarat,2025-01-01,8,1065
Gujarat,2025-01-01,9,1061
Gujarat,2025-01-01,10,1492
Gujarat,2025-02-01,1,683
Gujarat,2025-02-01,2,1113
Gujarat,2025-02-01,3,623
Gujarat,2025-02-01,4,1285
Gujarat,2025-02-01,5,966
Gujarat,2025-02-01,6,587
Gujarat,2025-02-01,7,489
Gujarat,2025-02-01,8,1496
Gujarat,2025-02-01,9,622
Gujarat,2025-02-01,10,1111
Gujarat,2025-03-01,1,1604
Gujarat,2025-03-01,2,412
Gujarat,2025-03-01,3,436
Gujarat,2025-03-01,4,1091
Gujarat,2025-03-01,5,1572
Gujarat,2025-03-01,6,1380
Gujarat,2025-03-01,7,1565
Gujarat,2025-03-01,8,1112
Gujarat,2025-03-01,9,1389
Gujarat,2025-03-01,10,1888
Gujarat,2025-04-01,1,334
Gujarat,2025-04-01,2,1518
Gujarat,2025-04-01,3,1039
Gujarat,2025-04-01,4,400
Gujarat,2025-04-01,5,1631
Gujarat,2025-04-01,6,408
Gujarat,2025-04-01,7,867
Gujarat,2025-04-01,8,3232
Gujarat,2025-04-01,9,639
Gujarat,2025-04-01,10,950
Gujarat,2025-05-01,1,1638
Gujarat,2025-05-01,2,1206
Gujarat,2025-05-01,3,1844
Gujarat,2025-05-01,4,233
Gujarat,2025-05-01,5,635
Gujarat,2025-05-01,6,316
Gujarat,2025-05-01,7,925
Gujarat,2025-05-01,8,352
Gujarat,2025-05-01,9,1917
Gujarat,2025-05-01,10,754
Gujarat,2025-06-01,1,409
Gujarat,2025-06-01,2,1434
Gujarat,2025-06-01,3,473
Gujarat,2025-06-01,4,911
Gujarat,2025-06-01,5,1065
Gujarat,2025-06-01,6,1134
Gujarat,2025-06-01,7,301
Gujarat,2025-06-01,8,1560
Gujarat,2025-06-01,9,622
Gujarat,2025-06-01,10,724
Gujarat,2025-07-01,1,1762
Gujarat,2025-07-01,2,1082
Gujarat,2025-07-01,3,912
Gujarat,2025-07-01,4,1457
Gujarat,2025-07-01,5,1235
Gujarat,2025-07-01,6,960
Gujarat,2025-07-01,7,530
Gujarat,2025-07-01,8,1669
Gujarat,2025-07-01,9,1115
Gujarat,2025-07-01,10,815
Gujarat,2025-08-01,1,1346
Gujarat,2025-08-01,2,907
Gujarat,2025-08-01,3,1264
Gujarat,2025-08-01,4,1448
Gujarat,2025-08-01,5,1345
Gujarat,2025-08-01,6,1105
Gujarat,2025-08-01,8,1198
Gujarat,2025-08-01,9,1141
Gujarat,2025-08-01,10,1763
Gujarat,2025-09-01,1,1722
Gujarat,2025-09-01,2,493
Gujarat,2025-09-01,3,433
Gujarat,2025-09-01,4,714
Gujarat,2025-09-01,5,769
Gujarat,2025-09-01,6,838
Gujarat,2025-09-01,7,110
Gujarat,2025-09-01,8,929
Gujarat,2025-09-01,9,943
Gujarat,2025-09-01,10,1228
Gujarat,2025-10-01,1,958
Gujarat,2025-10-01,2,212
Gujarat,2025-10-01,3,414
Gujarat,2025-10-01,4,659
Gujarat,2025-10-01,5,814
Gujarat,2025-10-01,6,1466
Gujarat,2025-10-01,7,901
Gujarat,2025-10-01,8,1527
Gujarat,2025-10-01,9,410
Gujarat,2025-10-01,10,812
Gujarat,2025-11-01,1,1813
Gujarat,2025-11-01,2,290
Gujarat,2025-11-01,3,1559
Gujarat,2025-11-01,4,886
Gujarat,2025-11-01,5,552
Gujarat,2025-11-01,6,1352
Gujarat,2025-11-01,7,817
Gujarat,2025-11-01,8,1593
Gujarat,2025-11-01,9,731
Gujarat,2025-11-01,10,478
Gujarat,2025-12-01,1,1346
Gujarat,2025-12-01,2,419
Gujarat,2025-12-01,3,1440
Gujarat,2025-12-01,4,1093
Gujarat,2025-12-01,5,593
Gujarat,2025-12-01,6,328
Gujarat,2025-12-01,7,809
Gujarat,2025-12-01,8,2072
Gujarat,2025-12-01,9,1978
Gujarat,2025-12-01,10,1722
Karnataka,2025-01-01,1,2272
Karnataka,2025-01-01,2,875
Karnataka,2025-01-01,3,1046
Karnataka,2025-01-01,4,635
Karnataka,2025-01-01,5,354
Karnataka,2025-01-01,6,1207
Karnataka,2025-01-01,7,428
Karnataka,2025-01-01,8,495
Karnataka,2025-01-01,9,1405
Karnataka,2025-01-01,10,143
Karnataka,2025-02-01,1,1857
Karnataka,2025-02-01,2,1318
Karnataka,2025-02-01,3,1971
Karnataka,2025-02-01,4,1530
Karnataka,2025-02-01,5,626
Karnataka,2025-02-01,6,775
Karnataka,2025-02-01,7,1598
Karnataka,2025-02-01,8,906
Karnataka,2025-02-01,9,1341
Karnataka,2025-02-01,10,754
Karnataka,2025-03-01,1,853
Karnataka,2025-03-01,2,437
Karnataka,2025-03-01,3,837
Karnataka,2025-03-01,4,436
Karnataka,2025-03-01,5,514
Karnataka,2025-03-01,6,783
Karnataka,2025-03-01,7,1664
Karnataka,2025-03-01,8,312
Karnataka,2025-03-01,9,1206
Karnataka,2025-03-01,10,2241
Karnataka,2025-04-01,1,779
Karnataka,2025-04-01,2,1158
Karnataka,2025-04-01,3,2206
Karnataka,2025-04-01,4,2220
Karnataka,2025-04-01,5,1708
Karnataka,2025-04-01,6,1160
Karnataka,2025-04-01,7,1321
Karnataka,2025-04-01,8,1320
Karnataka,2025-04-01,9,1005
Karnataka,2025-04-01,10,558
Karnataka,2025-05-01,1,1141
Karnataka,2025-05-01,2,223
Karnataka,2025-05-01,3,1000
Karnataka,2025-05-01,4,2071
Karnataka,2025-05-01,5,91
Karnataka,2025-05-01,6,1857
Karnataka,2025-05-01,7,1164
Karnataka,2025-05-01,8,788
Karnataka,2025-05-01,9,1201
Karnataka,2025-05-01,10,1447
Karnataka,2025-06-01,1,677
Karnataka,2025-06-01,2,2375
Karnataka,2025-06-01,3,1527
Karnataka,2025-06-01,4,1245
Karnataka,2025-06-01,5,2269
Karnataka,2025-06-01,6,1599
Karnataka,2025-06-01,7,1184
Karnataka,2025-06-01,8,732
Karnataka,2025-06-01,9,74
Karnataka,2025-06-01,10,1521
Karnataka,2025-07-01,1,77
Karnataka,2025-07-01,2,439
Karnataka,2025-07-01,3,636
Karnataka,2025-07-01,4,1166
Karnataka,2025-07-01,5,134
Karnataka,2025-07-01,6,591
Karnataka,2025-07-01,7,538
Karnataka,2025-07-01,8,1829
Karnataka,2025-07-01,9,1835
Karnataka,2025-07-01,10,1907
Karnataka,2025-08-01,1,954
Karnataka,2025-08-01,2,1092
Karnataka,2025-08-01,3,1115
Karnataka,2025-08-01,4,410
Karnataka,2025-08-01,5,912
Karnataka,2025-08-01,6,787
Karnataka,2025-08-01,7,1427
Karnataka,2025-08-01,8,1483
Karnataka,2025-08-01,9,404
Karnataka,2025-08-01,10,464
Karnataka,2025-09-01,1,1485
Karnataka,2025-09-01,2,948
Karnataka,2025-09-01,3,1640
Karnataka,2025-09-01,4,1305
Karnataka,2025-09-01,5,496
Karnataka,2025-09-01,6,397
Karnataka,2025-09-01,7,1037
Karnataka,2025-09-01,8,2381
Karnataka,2025-09-01,9,316
Karnataka,2025-09-01,10,1305
Karnataka,2025-10-01,1,1612
Karnataka,2025-10-01,2,580
Karnataka,2025-10-01,3,962
Karnataka,2025-10-01,4,581
Karnataka,2025-10-01,5,1071
Karnataka,2025-10-01,6,1595
Karnataka,2025-10-01,7,760
Karnataka,2025-10-01,8,365
Karnataka,2025-10-01,9,1874
Karnataka,2025-10-01,10,554
Karnataka,2025-11-01,1,1388
Karnataka,2025-11-01,2,1193
Karnataka,2025-11-01,3,1689
Karnataka,2025-11-01,4,1332
Karnataka,2025-11-01,5,1744
Karnataka,2025-11-01,6,1568
Karnataka,2025-11-01,7,1569
Karnataka,2025-11-01,8,1085
Karnataka,2025-11-01,9,298
Karnataka,2025-11-01,10,1191
Karnataka,2025-12-01,1,1386
Karnataka,2025-12-01,2,1525
Karnataka,2025-12-01,3,1343
Karnataka,2025-12-01,4,1564
Karnataka,2025-12-01,5,488
Karnataka,2025-12-01,6,420
Karnataka,2025-12-01,7,389
Karnataka,2025-12-01,8,854
Karnataka,2025-12-01,9,197
Karnataka,2025-12-01,10,1389
Kerala,2025-01-01,1,1817
Kerala,2025-01-01,2,156
Kerala,2025-01-01,3,818
Kerala,2025-01-01,4,1595
Kerala,2025-01-01,5,1413
Kerala,2025-01-01,6,847
Kerala,2025-01-01,7,2400
Kerala,2025-01-01,8,333
Kerala,2025-01-01,9,1608
Kerala,2025-01-01,10,949
Kerala,2025-02-01,1,1218
Kerala,2025-02-01,2,237
Kerala,2025-02-01,3,1635
Kerala,2025-02-01,4,784
Kerala,2025-02-01,5,1042
Kerala,2025-02-01,6,2179
Kerala,2025-02-01,7,1480
Kerala,2025-02-01,8,1704
Kerala,2025-02-01,9,1669
Kerala,2025-02-01,10,1292
Kerala,2025-03-01,1,965
Kerala,2025-03-01,2,1693
Kerala,2025-03-01,3,1000
Kerala,2025-03-01,4,1253
Kerala,2025-03-01,5,945
Kerala,2025-03-01,6,1371
Kerala,2025-03-01,7,1252
Kerala,2025-03-01,8,511
Kerala,2025-03-01,9,1070
Kerala,2025-03-01,10,378
Kerala,2025-04-01,1,1165
Kerala,2025-04-01,2,1994
Kerala,2025-04-01,3,667
Kerala,2025-04-01,4,1273
Kerala,2025-04-01,5,2977
Kerala,2025-04-01,6,839
Kerala,2025-04-01,7,1590
Kerala,2025-04-01,8,51
Kerala,2025-04-01,9,373
Kerala,2025-04-01,10,521
Kerala,2025-05-01,1,1159
Kerala,2025-05-01,2,888
Kerala,2025-05-01,3,1688
Kerala,2025-05-01,4,1646
Kerala,2025-05-01,5,1724
Kerala,2025-05-01,6,897
Kerala,2025-05-01,7,1148
Kerala,2025-05-01,8,947
Kerala,2025-05-01,9,1354
Kerala,2025-05-01,10,1139
Kerala,2025-06-01,1,877
Kerala,2025-06-01,2,623
Kerala,2025-06-01,3,1567
Kerala,2025-06-01,4,867
Kerala,2025-06-01,5,966
Kerala,2025-06-01,6,872
Kerala,2025-06-01,7,1231
Kerala,2025-06-01,8,984
Kerala,2025-06-01,9,510
Kerala,2025-06-01,10,854
Kerala,2025-07-01,1,507
Kerala,2025-07-01,2,2448
Kerala,2025-07-01,3,1247
Kerala,2025-07-01,4,639
Kerala,2025-07-01,5,1147
Kerala,2025-07-01,6,3541
Kerala,2025-07-01,7,267
Kerala,2025-07-01,8,245
Kerala,2025-07-01,9,1664
Kerala,2025-07-01,10,350
Kerala,2025-08-01,1,214
Kerala,2025-08-01,2,1029
Kerala,2025-08-01,3,1079
Kerala,2025-08-01,4,1499
Kerala,2025-08-01,5,1076
Kerala,2025-08-01,6,338
Kerala,2025-08-01,7,2230
Kerala,2025-08-01,9,865
Kerala,2025-08-01,10,904
Kerala,2025-09-01,1,1538
Kerala,2025-09-01,2,849
Kerala,2025-09-01,3,1140
Kerala,2025-09-01,4,2218
Kerala,2025-09-01,5,983
Kerala,2025-09-01,6,1101
Kerala,2025-09-01,7,1171
Kerala,2025-09-01,8,2313
Kerala,2025-09-01,9,351
Kerala,2025-09-01,10,2881
Kerala,2025-10-01,1,121
Kerala,2025-10-01,2,920
Kerala,2025-10-01,3,1660
Kerala,2025-10-01,4,1203
Kerala,2025-10-01,5,1434
Kerala,2025-10-01,6,2341
Kerala,2025-10-01,7,770
Kerala,2025-10-01,8,874
Kerala,2025-10-01,9,580
Kerala,2025-10-01,10,601
Kerala,2025-11-01,2,940
Kerala,2025-11-01,3,1546
Kerala,2025-11-01,4,1360
Kerala,2025-11-01,5,518
Kerala,2025-11-01,6,425
Kerala,2025-11-01,7,446
Kerala,2025-11-01,8,1500
Kerala,2025-11-01,9,1844
Kerala,2025-11-01,10,579
Kerala,2025-12-01,1,1457
Kerala,2025-12-01,2,815
Kerala,2025-12-01,3,636
Kerala,2025-12-01,4,868
Kerala,2025-12-01,5,797
Kerala,2025-12-01,6,712
Kerala,2025-12-01,7,1106
Kerala,2025-12-01,8,1837
Kerala,2025-12-01,9,323
Kerala,2025-12-01,10,396
Madhya Pradesh,2025-01-01,1,294
Madhya Pradesh,2025-01-01,2,1026
Madhya Pradesh,2025-01-01,3,181
Madhya Pradesh,2025-01-01,4,2432
Madhya Pradesh,2025-01-01,5,766
Madhya Pradesh,2025-01-01,6,1059
Madhya Pradesh,2025-01-01,7,103
Madhya Pradesh,2025-01-01,8,1566
Madhya Pradesh,2025-01-01,9,1131
Madhya Pradesh,2025-01-01,10,1085
Madhya Pradesh,2025-02-01,1,661
Madhya Pradesh,2025-02-01,2,1149
Madhya Pradesh,2025-02-01,3,1466
Madhya Pradesh,2025-02-01,4,778
Madhya Pradesh,2025-02-01,5,461
Madhya Pradesh,2025-02-01,6,1026
Madhya Pradesh,2025-02-01,7,590
Madhya Pradesh,2025-02-01,8,835
Madhya Pradesh,2025-02-01,9,615
Madhya Pradesh,2025-02-01,10,922
Madhya Pradesh,2025-03-01,1,1897
Madhya Pradesh,2025-03-01,2,1756
Madhya Pradesh,2025-03-01,3,1073
Madhya Pradesh,2025-03-01,4,698
Madhya Pradesh,2025-03-01,5,396
Madhya Pradesh,2025-03-01,6,697
Madhya Pradesh,2025-03-01,7,482
Madhya Pradesh,2025-03-01,8,1259
Madhya Pradesh,2025-03-01,9,1171
Madhya Pradesh,2025-03-01,10,651
Madhya Pradesh,2025-04-01,1,1276
Madhya Pradesh,2025-04-01,2,503
Madhya Pradesh,2025-04-01,3,2667
Madhya Pradesh,2025-04-01,4,948
Madhya Pradesh,2025-04-01,5,891
Madhya Pradesh,2025-04-01,6,911
Madhya Pradesh,2025-04-01,7,912
Madhya Pradesh,2025-04-01,8,644
Madhya Pradesh,2025-04-01,9,1321
Madhya Pradesh,2025-04-01,10,697
Madhya Pradesh,2025-05-01,1,1085
Madhya Pradesh,2025-05-01,2,738
Madhya Pradesh,2025-05-01,3,914
Madhya Pradesh,2025-05-01,4,2249
Madhya Pradesh,2025-05-01,5,1250
Madhya Pradesh,2025-05-01,6,1081
Madhya Pradesh,2025-05-01,7,1589
Madhya Pradesh,2025-05-01,8,290
Madhya Pradesh,2025-05-01,9,1825
Madhya Pradesh,2025-05-01,10,1984
Madhya Pradesh,2025-06-01,1,2791
Madhya Pradesh,2025-06-01,2,965
Madhya Pradesh,2025-06-01,3,243
Madhya Pradesh,2025-06-01,4,719
Madhya Pradesh,2025-06-01,5,1844
Madhya Pradesh,2025-06-01,6,910
Madhya Pradesh,2025-06-01,7,2467
Madhya Pradesh,2025-06-01,8,141
Madhya Pradesh,2025-06-01,9,790
Madhya Pradesh,2025-06-01,10,1062
Madhya Pradesh,2025-07-01,1,980
Madhya Pradesh,2025-07-01,2,1244
Madhya Pradesh,2025-07-01,3,881
Madhya Pradesh,2025-07-01,4,548
Madhya Pradesh,2025-07-01,5,958
Madhya Pradesh,2025-07-01,6,116
Madhya Pradesh,2025-07-01,7,1422
Madhya Pradesh,2025-07-01,8,113
Madhya Pradesh,2025-07-01,9,806
Madhya Pradesh,2025-07-01,10,1208
Madhya Pradesh,2025-08-01,1,1472
Madhya Pradesh,2025-08-01,2,1779
Madhya Pradesh,2025-08-01,3,1123
Madhya Pradesh,2025-08-01,4,2051
Madhya Pradesh,2025-08-01,5,917
Madhya Pradesh,2025-08-01,7,1657
Madhya Pradesh,2025-08-01,8,534
Madhya Pradesh,2025-08-01,9,493
Madhya Pradesh,2025-08-01,10,726
Madhya Pradesh,2025-09-01,1,1186
Madhya Pradesh,2025-09-01,2,1085
Madhya Pradesh,2025-09-01,3,1094
Madhya Pradesh,2025-09-01,4,552
Madhya Pradesh,2025-09-01,5,1659
Madhya Pradesh,2025-09-01,6,1311
Madhya Pradesh,2025-09-01,7,1214
Madhya Pradesh,2025-09-01,8,1997
Madhya Pradesh,2025-09-01,9,1764
Madhya Pradesh,2025-09-01,10,681
Madhya Pradesh,2025-10-01,1,1346
Madhya Pradesh,2025-10-01,2,663
Madhya Pradesh,2025-10-01,3,1478
Madhya Pradesh,2025-10-01,4,784
Madhya Pradesh,2025-10-01,5,1116
Madhya Pradesh,2025-10-01,6,611
Madhya Pradesh,2025-10-01,7,735
Madhya Pradesh,2025-10-01,8,957
Madhya Pradesh,2025-10-01,9,764
Madhya Pradesh,2025-10-01,10,1666
Madhya Pradesh,2025-11-01,1,188
Madhya Pradesh,2025-11-01,2,819
Madhya Pradesh,2025-11-01,3,2303
Madhya Pradesh,2025-11-01,4,792
Madhya Pradesh,2025-11-01,5,1405
Madhya Pradesh,2025-11-01,6,2893
Madhya Pradesh,2025-11-01,7,1540
Madhya Pradesh,2025-11-01,8,784
Madhya Pradesh,2025-11-01,9,872
Madhya Pradesh,2025-11-01,10,1027
Madhya Pradesh,2025-12-01,1,570
Madhya Pradesh,2025-12-01,2,761
Madhya Pradesh,2025-12-01,3,523
Madhya Pradesh,2025-12-01,4,845
Madhya Pradesh,2025-12-01,5,147
Madhya Pradesh,2025-12-01,6,476
Madhya Pradesh,2025-12-01,7,736
Madhya Pradesh,2025-12-01,8,439
Madhya Pradesh,2025-12-01,9,300
Madhya Pradesh,2025-12-01,10,643
Maharashtra,2025-01-01,1,943
Maharashtra,2025-01-01,2,1244
Maharashtra,2025-01-01,3,1279
Maharashtra,2025-01-01,4,1059
Maharashtra,2025-01-01,5,340
Maharashtra,2025-01-01,6,1662
Maharashtra,2025-01-01,7,43
Maharashtra,2025-01-01,8,601
Maharashtra,2025-01-01,9,1058
Maharashtra,2025-01-01,10,1092
Maharashtra,2025-02-01,1,1471
Maharashtra,2025-02-01,2,1034
Maharashtra,2025-02-01,3,1890
Maharashtra,2025-02-01,4,1104
Maharashtra,2025-02-01,5,357
Maharashtra,2025-02-01,6,1032
Maharashtra,2025-02-01,7,629
Maharashtra,2025-02-01,8,457
Maharashtra,2025-02-01,9,1257
Maharashtra,2025-02-01,10,1509
Maharashtra,2025-03-01,1,741
Maharashtra,2025-03-01,2,1014
Maharashtra,2025-03-01,3,800
Maharashtra,2025-03-01,4,1710
Maharashtra,2025-03-01,5,1232
Maharashtra,2025-03-01,6,1666
Maharashtra,2025-03-01,7,1561
Maharashtra,2025-03-01,8,1717
Maharashtra,2025-03-01,9,1106
Maharashtra,2025-03-01,10,1497
Maharashtra,2025-04-01,1,719
Maharashtra,2025-04-01,2,1482
Maharashtra,2025-04-01,3,592
Maharashtra,2025-04-01,4,1011
Maharashtra,2025-04-01,5,424
Maharashtra,2025-04-01,6,837
Maharashtra,2025-04-01,7,123
Maharashtra,2025-04-01,8,1300
Maharashtra,2025-04-01,9,684
Maharashtra,2025-04-01,10,1400
Maharashtra,2025-05-01,1,788
Maharashtra,2025-05-01,2,1571
Maharashtra,2025-05-01,3,720
Maharashtra,2025-05-01,4,1365
Maharashtra,2025-05-01,5,296
Maharashtra,2025-05-01,6,1445
Maharashtra,2025-05-01,7,1225
Maharashtra,2025-05-01,8,646
Maharashtra,2025-05-01,9,373
Maharashtra,2025-05-01,10,1617
Maharashtra,2025-06-01,1,849
Maharashtra,2025-06-01,2,1481
Maharashtra,2025-06-01,3,646
Maharashtra,2025-06-01,4,1544
Maharashtra,2025-06-01,5,808
Maharashtra,2025-06-01,6,1055
Maharashtra,2025-06-01,7,1445
Maharashtra,2025-06-01,8,633
Maharashtra,2025-06-01,9,567
Maharashtra,2025-06-01,10,1726
Maharashtra,2025-07-01,1,1327
Maharashtra,2025-07-01,2,1625
Maharashtra,2025-07-01,3,891
Maharashtra,2025-07-01,4,716
Maharashtra,2025-07-01,5,647
Maharashtra,2025-07-01,6,899
Maharashtra,2025-07-01,7,1259
Maharashtra,2025-07-01,8,1554
Maharashtra,2025-07-01,9,932
Maharashtra,2025-07-01,10,2195
Maharashtra,2025-08-01,1,1549
Maharashtra,2025-08-01,2,699
Maharashtra,2025-08-01,3,2474
Maharashtra,2025-08-01,4,2971
Maharashtra,2025-08-01,5,1364
Maharashtra,2025-08-01,6,156
Maharashtra,2025-08-01,7,1856
Maharashtra,2025-08-01,8,2187
Maharashtra,2025-08-01,9,803
Maharashtra,2025-08-01,10,1069
Maharashtra,2025-09-01,1,919
Maharashtra,2025-09-01,2,1645
Maharashtra,2025-09-01,3,2323
Maharashtra,2025-09-01,4,503
Maharashtra,2025-09-01,5,137
Maharashtra,2025-09-01,6,570
Maharashtra,2025-09-01,7,871
Maharashtra,2025-09-01,8,990
Maharashtra,2025-09-01,9,1594
Maharashtra,2025-09-01,10,1769
Maharashtra,2025-10-01,1,1514
Maharashtra,2025-10-01,2,1244
Maharashtra,2025-10-01,3,1848
Maharashtra,2025-10-01,4,157
Maharashtra,2025-10-01,5,856
Maharashtra,2025-10-01,6,1274
Maharashtra,2025-10-01,7,1782
Maharashtra,2025-10-01,8,603
Maharashtra,2025-10-01,9,801
Maharashtra,2025-10-01,10,452
Maharashtra,2025-11-01,1,2623
Maharashtra,2025-11-01,2,1007
Maharashtra,2025-11-01,3,1035
Maharashtra,2025-11-01,4,777
Maharashtra,2025-11-01,5,333
Maharashtra,2025-11-01,6,271
Maharashtra,2025-11-01,7,402
Maharashtra,2025-11-01,8,492
Maharashtra,2025-11-01,9,1737
Maharashtra,2025-11-01,10,1169
Maharashtra,2025-12-01,1,1642
Maharashtra,2025-12-01,2,306
Maharashtra,2025-12-01,3,1561
Maharashtra,2025-12-01,4,1582
Maharashtra,2025-12-01,5,385
Maharashtra,2025-12-01,6,872
Maharashtra,2025-12-01,7,843
Maharashtra,2025-12-01,8,2473
Maharashtra,2025-12-01,9,761
Maharashtra,2025-12-01,10,2249
Rajasthan,2025-01-01,1,740
Rajasthan,2025-01-01,2,1779
Rajasthan,2025-01-01,3,1773
Rajasthan,2025-01-01,4,707
Rajasthan,2025-01-01,5,1125
Rajasthan,2025-01-01,6,912
Rajasthan,2025-01-01,8,1886
Rajasthan,2025-01-01,9,254
Rajasthan,2025-01-01,10,1503
Rajasthan,2025-02-01,1,1441
Rajasthan,2025-02-01,2,989
Rajasthan,2025-02-01,3,978
Rajasthan,2025-02-01,4,831
Rajasthan,2025-02-01,5,182
Rajasthan,2025-02-01,6,970
Rajasthan,2025-02-01,7,600
Rajasthan,2025-02-01,8,121
Rajasthan,2025-02-01,9,300
Rajasthan,2025-02-01,10,1545
Rajasthan,2025-03-01,1,564
Rajasthan,2025-03-01,2,285
Rajasthan,2025-03-01,3,997
Rajasthan,2025-03-01,4,1287
Rajasthan,2025-03-01,5,1144
Rajasthan,2025-03-01,6,612
Rajasthan,2025-03-01,7,1469
Rajasthan,2025-03-01,8,586
Rajasthan,2025-03-01,9,1566
Rajasthan,2025-03-01,10,507
Rajasthan,2025-04-01,1,1011
Rajasthan,2025-04-01,2,1193
Rajasthan,2025-04-01,3,1713
Rajasthan,2025-04-01,4,1156
Rajasthan,2025-04-01,5,806
Rajasthan,2025-04-01,6,1398
Rajasthan,2025-04-01,7,1153
Rajasthan,2025-04-01,8,588
Rajasthan,2025-04-01,9,1302
Rajasthan,2025-04-01,10,1646
Rajasthan,2025-05-01,1,1548
Rajasthan,2025-05-01,2,1764
Rajasthan,2025-05-01,3,1019
Rajasthan,2025-05-01,4,1255
Rajasthan,2025-05-01,5,1885
Rajasthan,2025-05-01,6,1032
Rajasthan,2025-05-01,7,927
Rajasthan,2025-05-01,8,1335
Rajasthan,2025-05-01,9,297
Rajasthan,2025-05-01,10,1109
Rajasthan,2025-06-01,1,398
Rajasthan,2025-06-01,2,1230
Rajasthan,2025-06-01,3,636
Rajasthan,2025-06-01,4,1614
Rajasthan,2025-06-01,5,1239
Rajasthan,2025-06-01,6,970
Rajasthan,2025-06-01,7,1494
Rajasthan,2025-06-01,8,1416
Rajasthan,2025-06-01,9,905
Rajasthan,2025-06-01,10,1590
Rajasthan,2025-07-01,1,677
Rajasthan,2025-07-01,2,101
Rajasthan,2025-07-01,3,1156
Rajasthan,2025-07-01,4,607
Rajasthan,2025-07-01,5,609
Rajasthan,2025-07-01,6,1420
Rajasthan,2025-07-01,7,789
Rajasthan,2025-07-01,8,666
Rajasthan,2025-07-01,9,1391
Rajasthan,2025-07-01,10,502
Rajasthan,2025-08-01,1,788
Rajasthan,2025-08-01,2,206
Rajasthan,2025-08-01,3,755
Rajasthan,2025-08-01,4,679
Rajasthan,2025-08-01,5,2493
Rajasthan,2025-08-01,6,1957
Rajasthan,2025-08-01,7,1766
Rajasthan,2025-08-01,8,1343
Rajasthan,2025-08-01,9,2381
Rajasthan,2025-08-01,10,1021
Rajasthan,2025-09-01,1,680
Rajasthan,2025-09-01,2,495
Rajasthan,2025-09-01,3,1456
Rajasthan,2025-09-01,4,2949
Rajasthan,2025-09-01,5,868
Rajasthan,2025-09-01,6,634
Rajasthan,2025-09-01,7,529
Rajasthan,2025-09-01,8,1357
Rajasthan,2025-09-01,9,663
Rajasthan,2025-09-01,10,298
Rajasthan,2025-10-01,1,1611
Rajasthan,2025-10-01,2,754
Rajasthan,2025-10-01,3,1703
Rajasthan,2025-10-01,4,1775
Rajasthan,2025-10-01,5,2040
Rajasthan,2025-10-01,6,914
Rajasthan,2025-10-01,7,1022
Rajasthan,2025-10-01,8,938
Rajasthan,2025-10-01,9,1014
Rajasthan,2025-10-01,10,984
Rajasthan,2025-11-01,1,2097
Rajasthan,2025-11-01,2,971
Rajasthan,2025-11-01,3,2391
Rajasthan,2025-11-01,4,376
Rajasthan,2025-11-01,5,821
Rajasthan,2025-11-01,6,1891
Rajasthan,2025-11-01,7,1933
Rajasthan,2025-11-01,8,534
Rajasthan,2025-11-01,9,931
Rajasthan,2025-11-01,10,399
Rajasthan,2025-12-01,1,460
Rajasthan,2025-12-01,2,1541
Rajasthan,2025-12-01,3,1051
Rajasthan,2025-12-01,4,648
Rajasthan,2025-12-01,5,767
Rajasthan,2025-12-01,6,997
Rajasthan,2025-12-01,7,956
Rajasthan,2025-12-01,8,1336
Rajasthan,2025-12-01,9,1241
Rajasthan,2025-12-01,10,889
Tamil Nadu,2025-01-01,1,934
Tamil Nadu,2025-01-01,2,448
Tamil Nadu,2025-01-01,3,397
Tamil Nadu,2025-01-01,4,2069
Tamil Nadu,2025-01-01,5,1516
Tamil Nadu,2025-01-01,6,1186
Tamil Nadu,2025-01-01,7,1503
Tamil Nadu,2025-01-01,8,1457
Tamil Nadu,2025-01-01,9,971
Tamil Nadu,2025-01-01,10,397
Tamil Nadu,2025-02-01,1,1701
Tamil Nadu,2025-02-01,2,651
Tamil Nadu,2025-02-01,3,965
Tamil Nadu,2025-02-01,4,1125
Tamil Nadu,2025-02-01,5,1123
Tamil Nadu,2025-02-01,6,693
Tamil Nadu,2025-02-01,7,1660
Tamil Nadu,2025-02-01,8,1041
Tamil Nadu,2025-02-01,9,649
Tamil Nadu,2025-02-01,10,1633
Tamil Nadu,2025-03-01,1,893
Tamil Nadu,2025-03-01,2,1242
Tamil Nadu,2025-03-01,3,821
Tamil Nadu,2025-03-01,4,550
Tamil Nadu,2025-03-01,5,647
Tamil Nadu,2025-03-01,6,1245
Tamil Nadu,2025-03-01,7,766
Tamil Nadu,2025-03-01,8,55
Tamil Nadu,2025-03-01,9,1545
Tamil Nadu,2025-03-01,10,569
Tamil Nadu,2025-04-01,1,1607
Tamil Nadu,2025-04-01,2,2227
Tamil Nadu,2025-04-01,3,229
Tamil Nadu,2025-04-01,4,1079
Tamil Nadu,2025-04-01,5,595
Tamil Nadu,2025-04-01,6,1049
Tamil Nadu,2025-04-01,7,274
Tamil Nadu,2025-04-01,8,1134
Tamil Nadu,2025-04-01,9,1204
Tamil Nadu,2025-04-01,10,207
Tamil Nadu,2025-05-01,1,1071
Tamil Nadu,2025-05-01,2,2005
Tamil Nadu,2025-05-01,3,997
Tamil Nadu,2025-05-01,4,267
Tamil Nadu,2025-05-01,5,1788
Tamil Nadu,2025-05-01,6,1812
Tamil Nadu,2025-05-01,7,315
Tamil Nadu,2025-05-01,9,863
Tamil Nadu,2025-05-01,10,314
Tamil Nadu,2025-06-01,1,1743
Tamil Nadu,2025-06-01,2,1579
Tamil Nadu,2025-06-01,3,1470
Tamil Nadu,2025-06-01,4,1114
Tamil Nadu,2025-06-01,5,755
Tamil Nadu,2025-06-01,6,496
Tamil Nadu,2025-06-01,7,1014
Tamil Nadu,2025-06-01,8,1246
Tamil Nadu,2025-06-01,9,1777
Tamil Nadu,2025-06-01,10,652
Tamil Nadu,2025-07-01,1,1213
Tamil Nadu,2025-07-01,2,1668
Tamil Nadu,2025-07-01,3,1386
Tamil Nadu,2025-07-01,4,1344
Tamil Nadu,2025-07-01,5,1362
Tamil Nadu,2025-07-01,7,1151
Tamil Nadu,2025-07-01,8,381
Tamil Nadu,2025-07-01,9,787
Tamil Nadu,2025-07-01,10,1722
Tamil Nadu,2025-08-01,1,927
Tamil Nadu,2025-08-01,2,1307
Tamil Nadu,2025-08-01,3,1416
Tamil Nadu,2025-08-01,4,432
Tamil Nadu,2025-08-01,5,284
Tamil Nadu,2025-08-01,6,1346
Tamil Nadu,2025-08-01,7,1673
Tamil Nadu,2025-08-01,8,702
Tamil Nadu,2025-08-01,9,1141
Tamil Nadu,2025-08-01,10,1372
Tamil Nadu,2025-09-01,1,608
Tamil Nadu,2025-09-01,2,1583
Tamil Nadu,2025-09-01,3,733
Tamil Nadu,2025-09-01,4,160
Tamil Nadu,2025-09-01,5,811
Tamil Nadu,2025-09-01,6,823
Tamil Nadu,2025-09-01,7,1230
Tamil Nadu,2025-09-01,8,710
Tamil Nadu,2025-09-01,9,423
Tamil Nadu,2025-09-01,10,219
Tamil Nadu,2025-10-01,1,2167
Tamil Nadu,2025-10-01,2,2930
Tamil Nadu,2025-10-01,3,672
Tamil Nadu,2025-10-01,4,365
Tamil Nadu,2025-10-01,5,1039
Tamil Nadu,2025-10-01,6,971
Tamil Nadu,2025-10-01,7,394
Tamil Nadu,2025-10-01,8,1996
Tamil Nadu,2025-10-01,9,1045
Tamil Nadu,2025-10-01,10,481
Tamil Nadu,2025-11-01,1,803
Tamil Nadu,2025-11-01,2,1218
Tamil Nadu,2025-11-01,3,1345
Tamil Nadu,2025-11-01,4,271
Tamil Nadu,2025-11-01,5,1065
Tamil Nadu,2025-11-01,6,40
Tamil Nadu,2025-11-01,7,852
Tamil Nadu,2025-11-01,8,1244
Tamil Nadu,2025-11-01,9,1175
Tamil Nadu,2025-11-01,10,532
Tamil Nadu,2025-12-01,1,516
Tamil Nadu,2025-12-01,2,1313
Tamil Nadu,2025-12-01,3,713
Tamil Nadu,2025-12-01,4,585
Tamil Nadu,2025-12-01,5,1017
Tamil Nadu,2025-12-01,6,832
Tamil Nadu,2025-12-01,7,1170
Tamil Nadu,2025-12-01,8,1654
Tamil Nadu,2025-12-01,9,389
Tamil Nadu,2025-12-01,10,1188
Uttar Pradesh,2025-01-01,1,1198
Uttar Pradesh,2025-01-01,2,1341
Uttar Pradesh,2025-01-01,3,607
Uttar Pradesh,2025-01-01,4,159
Uttar Pradesh,2025-01-01,5,3099
Uttar Pradesh,2025-01-01,6,636
Uttar Pradesh,2025-01-01,7,1420
Uttar Pradesh,2025-01-01,8,1068
Uttar Pradesh,2025-01-01,9,918
Uttar Pradesh,2025-01-01,10,646
Uttar Pradesh,2025-02-01,1,1710
Uttar Pradesh,2025-02-01,2,3396
Uttar Pradesh,2025-02-01,3,1024
Uttar Pradesh,2025-02-01,4,1466
Uttar Pradesh,2025-02-01,5,1280
Uttar Pradesh,2025-02-01,6,269
Uttar Pradesh,2025-02-01,7,256
Uttar Pradesh,2025-02-01,8,1685
Uttar Pradesh,2025-02-01,9,2334
Uttar Pradesh,2025-02-01,10,1212
Uttar Pradesh,2025-03-01,1,1015
Uttar Pradesh,2025-03-01,2,868
Uttar Pradesh,2025-03-01,3,263
Uttar Pradesh,2025-03-01,4,681
Uttar Pradesh,2025-03-01,5,2153
Uttar Pradesh,2025-03-01,6,1500
Uttar Pradesh,2025-03-01,7,1018
Uttar Pradesh,2025-03-01,8,871
Uttar Pradesh,2025-03-01,9,65
Uttar Pradesh,2025-03-01,10,1485
Uttar Pradesh,2025-04-01,1,1962
Uttar Pradesh,2025-04-01,2,2167
Uttar Pradesh,2025-04-01,3,253
Uttar Pradesh,2025-04-01,4,1130
Uttar Pradesh,2025-04-01,5,1560
Uttar Pradesh,2025-04-01,6,937
Uttar Pradesh,2025-04-01,7,1674
Uttar Pradesh,2025-04-01,8,1817
Uttar Pradesh,2025-04-01,9,985
Uttar Pradesh,2025-04-01,10,417
Uttar Pradesh,2025-05-01,1,2047
Uttar Pradesh,2025-05-01,2,1298
Uttar Pradesh,2025-05-01,3,706
Uttar Pradesh,2025-05-01,4,2174
Uttar Pradesh,2025-05-01,5,243
Uttar Pradesh,2025-05-01,6,750
Uttar Pradesh,2025-05-01,7,355
Uttar Pradesh,2025-05-01,8,791
Uttar Pradesh,2025-05-01,10,984
Uttar Pradesh,2025-06-01,1,120
Uttar Pradesh,2025-06-01,2,864
Uttar Pradesh,2025-06-01,3,318
Uttar Pradesh,2025-06-01,4,1926
Uttar Pradesh,2025-06-01,5,652
Uttar Pradesh,2025-06-01,6,725
Uttar Pradesh,2025-06-01,7,1513
Uttar Pradesh,2025-06-01,8,1081
Uttar Pradesh,2025-06-01,9,2228
Uttar Pradesh,2025-06-01,10,768
Uttar Pradesh,2025-07-01,1,829
Uttar Pradesh,2025-07-01,2,1263
Uttar Pradesh,2025-07-01,3,1009
Uttar Pradesh,2025-07-01,4,645
Uttar Pradesh,2025-07-01,5,633
Uttar Pradesh,2025-07-01,6,835
Uttar Pradesh,2025-07-01,7,673
Uttar Pradesh,2025-07-01,8,462
Uttar Pradesh,2025-07-01,9,1121
Uttar Pradesh,2025-07-01,10,342
Uttar Pradesh,2025-08-01,1,1285
Uttar Pradesh,2025-08-01,2,897
Uttar Pradesh,2025-08-01,3,1483
Uttar Pradesh,2025-08-01,4,1473
Uttar Pradesh,2025-08-01,5,774
Uttar Pradesh,2025-08-01,6,707
Uttar Pradesh,2025-08-01,7,2024
Uttar Pradesh,2025-08-01,8,919
Uttar Pradesh,2025-08-01,9,1889
Uttar Pradesh,2025-08-01,10,1244
Uttar Pradesh,2025-09-01,1,1097
Uttar Pradesh,2025-09-01,2,1531
Uttar Pradesh,2025-09-01,3,1082
Uttar Pradesh,2025-09-01,4,1331
Uttar Pradesh,2025-09-01,5,3630
Uttar Pradesh,2025-09-01,6,344
Uttar Pradesh,2025-09-01,7,1912
Uttar Pradesh,2025-09-01,8,1248
Uttar Pradesh,2025-09-01,9,2329
Uttar Pradesh,2025-09-01,10,1012
Uttar Pradesh,2025-10-01,1,643
Uttar Pradesh,2025-10-01,2,1611
Uttar Pradesh,2025-10-01,3,1288
Uttar Pradesh,2025-10-01,4,1378
Uttar Pradesh,2025-10-01,5,810
Uttar Pradesh,2025-10-01,6,786
Uttar Pradesh,2025-10-01,7,641
Uttar Pradesh,2025-10-01,8,1349
Uttar Pradesh,2025-10-01,9,2285
Uttar Pradesh,2025-10-01,10,1068
Uttar Pradesh,2025-11-01,1,950
Uttar Pradesh,2025-11-01,2,2365
Uttar Pradesh,2025-11-01,3,397
Uttar Pradesh,2025-11-01,4,1071
Uttar Pradesh,2025-11-01,5,1290
Uttar Pradesh,2025-11-01,6,1759
Uttar Pradesh,2025-11-01,7,1095
Uttar Pradesh,2025-11-01,8,1237
Uttar Pradesh,2025-11-01,9,46
Uttar Pradesh,2025-11-01,10,1525
Uttar Pradesh,2025-12-01,1,1032
Uttar Pradesh,2025-12-01,2,625
Uttar Pradesh,2025-12-01,3,274
Uttar Pradesh,2025-12-01,4,1853
Uttar Pradesh,2025-12-01,5,463
Uttar Pradesh,2025-12-01,6,875
Uttar Pradesh,2025-12-01,7,1483
Uttar Pradesh,2025-12-01,8,728
Uttar Pradesh,2025-12-01,9,693
Uttar Pradesh,2025-12-01,10,760
West Bengal,2025-01-01,1,952
West Bengal,2025-01-01,2,1256
West Bengal,2025-01-01,3,646
West Bengal,2025-01-01,4,642
West Bengal,2025-01-01,5,966
West Bengal,2025-01-01,6,1766
West Bengal,2025-01-01,7,892
West Bengal,2025-01-01,8,997
West Bengal,2025-01-01,9,678
West Bengal,2025-01-01,10,202
West Bengal,2025-02-01,1,2055
West Bengal,2025-02-01,2,534
West Bengal,2025-02-01,3,1464
West Bengal,2025-02-01,4,1740
West Bengal,2025-02-01,5,1044
West Bengal,2025-02-01,6,1071
West Bengal,2025-02-01,7,738
West Bengal,2025-02-01,8,1813
West Bengal,2025-02-01,9,831
West Bengal,2025-02-01,10,947
West Bengal,2025-03-01,1,713
West Bengal,2025-03-01,2,1315
West Bengal,2025-03-01,3,727
West Bengal,2025-03-01,4,1909
West Bengal,2025-03-01,5,1886
West Bengal,2025-03-01,6,642
West Bengal,2025-03-01,7,1126
West Bengal,2025-03-01,8,512
West Bengal,2025-03-01,9,1786
West Bengal,2025-03-01,10,1824
West Bengal,2025-04-01,1,893
West Bengal,2025-04-01,2,463
West Bengal,2025-04-01,3,841
West Bengal,2025-04-01,4,1213
West Bengal,2025-04-01,5,941
West Bengal,2025-04-01,6,807
West Bengal,2025-04-01,7,1987
West Bengal,2025-04-01,8,826
West Bengal,2025-04-01,9,580
West Bengal,2025-04-01,10,956
West Bengal,2025-05-01,1,1352
West Bengal,2025-05-01,2,447
West Bengal,2025-05-01,3,1545
West Bengal,2025-05-01,4,1553
West Bengal,2025-05-01,5,328
West Bengal,2025-05-01,6,1183
West Bengal,2025-05-01,7,373
West Bengal,2025-05-01,8,518
West Bengal,2025-05-01,9,1199
West Bengal,2025-05-01,10,293
West Bengal,2025-06-01,1,752
West Bengal,2025-06-01,2,1822
West Bengal,2025-06-01,3,1095
West Bengal,2025-06-01,4,639
West Bengal,2025-06-01,5,1705
West Bengal,2025-06-01,6,947
West Bengal,2025-06-01,7,758
West Bengal,2025-06-01,8,707
West Bengal,2025-06-01,9,1126
West Bengal,2025-06-01,10,310
West Bengal,2025-07-01,1,788
West Bengal,2025-07-01,2,813
West Bengal,2025-07-01,3,1024
West Bengal,2025-07-01,4,1157
West Bengal,2025-07-01,5,1032
West Bengal,2025-07-01,6,1221
West Bengal,2025-07-01,7,1442
West Bengal,2025-07-01,8,1930
West Bengal,2025-07-01,9,603
West Bengal,2025-07-01,10,804
West Bengal,2025-08-01,1,377
West Bengal,2025-08-01,2,579
West Bengal,2025-08-01,3,2021
West Bengal,2025-08-01,4,1421
West Bengal,2025-08-01,5,787
West Bengal,2025-08-01,6,718
West Bengal,2025-08-01,7,2391
West Bengal,2025-08-01,8,1265
West Bengal,2025-08-01,9,992
West Bengal,2025-08-01,10,777
West Bengal,2025-09-01,1,1078
West Bengal,2025-09-01,2,1777
West Bengal,2025-09-01,4,1244
West Bengal,2025-09-01,5,1011
West Bengal,2025-09-01,6,1250
West Bengal,2025-09-01,7,652
West Bengal,2025-09-01,8,698
West Bengal,2025-09-01,9,1135
West Bengal,2025-09-01,10,2120
West Bengal,2025-10-01,1,1937
West Bengal,2025-10-01,2,1684
West Bengal,2025-10-01,3,1350
West Bengal,2025-10-01,4,1109
West Bengal,2025-10-01,5,934
West Bengal,2025-10-01,6,1097
West Bengal,2025-10-01,7,1517
West Bengal,2025-10-01,8,1541
West Bengal,2025-10-01,9,636
West Bengal,2025-10-01,10,897
West Bengal,2025-11-01,1,2186
West Bengal,2025-11-01,2,2516
West Bengal,2025-11-01,3,1708
West Bengal,2025-11-01,4,1038
West Bengal,2025-11-01,5,916
West Bengal,2025-11-01,6,1669
West Bengal,2025-11-01,7,1405
West Bengal,2025-11-01,8,1430
West Bengal,2025-11-01,9,458
West Bengal,2025-11-01,10,705
West Bengal,2025-12-01,1,1262
West Bengal,2025-12-01,2,687
West Bengal,2025-12-01,3,1116
West Bengal,2025-12-01,4,1794
West Bengal,2025-12-01,5,667
West Bengal,2025-12-01,6,269
West Bengal,2025-12-01,7,1881
West Bengal,2025-12-01,8,917
West Bengal,2025-12-01,9,1498
West Bengal,2025-12-01,10,766
